Kim Namjoon | RM,Kim Seokjin | Jin,Kim Namjoon | RM/Kim Seokjin | Jin ‎
Bucky Barnes,Steve Rogers,"James ""Bucky"" Barnes/Steve Rogers ‎"
Derek Hale,Stiles Stilinski,Derek Hale/Stiles Stilinski ‎
Lan Zhan | Lan Wangji,Wei Ying | Wei Wuxian,Lan Zhan | Lan Wangji/Wei Ying | Wei Wuxian ‎
Will Graham,Hannibal Lecter,Will Graham/Hannibal Lecter ‎
Bakugou Katsuki,Kirishima Eijirou,Bakugou Katsuki/Kirishima Eijirou ‎
Steve Rogers,Tony Stark,Steve Rogers/Tony Stark ‎
Katsuki Yuuri,Victor Nikiforov,Katsuki Yuuri/Victor Nikiforov ‎
Jung Hoseok | J-Hope,Min Yoongi | Suga ‎,Jung Hoseok | J-Hope/Min Yoongi | Suga ‎
Han Jisung | Han,Lee Minho | Lee Know ‎,Han Jisung | Han/Lee Minho | Lee Know ‎
Sherlock Holmes,John Watson,Sherlock Holmes/John Watson ‎
"Aemond ""One-Eye"" Targaryen",Lucerys Velaryon (Son of Rhaenyra),"Aemond ""One-Eye"" Targaryen/Lucerys Velaryon (Son of Rhaenyra) ‎"
Dick Grayson,Jason Todd,Dick Grayson/Jason Todd ‎
Midoriya Izuku,Todoroki Shouto,Midoriya Izuku/Todoroki Shouto ‎
Jeon Jungkook,Min Yoongi | Suga,Jeon Jungkook/Min Yoongi | Suga ‎
Levi Ackerman,Eren Yeager,Levi Ackerman/Eren Yeager ‎
Steve Harrington,Eddie Munson,Steve Harrington/Eddie Munson ‎
Getou Suguru,Gojo Satoru,Getou Suguru/Gojo Satoru ‎
Jeon Jungkook,Kim Seokjin | Jin,Jeon Jungkook/Kim Seokjin | Jin ‎
Jeon Jungkook,Kim Namjoon | RM,Jeon Jungkook/Kim Namjoon | RM ‎
Kim Taehyung | V,Park Jimin (BTS),Kim Taehyung | V/Park Jimin ‎
Dean Winchester,Sam Winchester,Dean Winchester/Sam Winchester ‎
Bakugou Katsuki,Todoroki Shouto,Bakugou Katsuki/Todoroki Shouto ‎
Rey (Star Wars),Kylo Ren,Rey/Ben Solo | Kylo Ren ‎
Iwaizumi Hajime,Oikawa Tooru,Iwaizumi Hajime/Oikawa Tooru ‎
Draco Malfoy,Harry Potter,Draco Malfoy/Harry Potter ‎
Uchiha Sasuke,Uzumaki Naruto,Uchiha Sasuke/Uzumaki Naruto ‎
Dazai Osamu (Bungou Stray Dogs),Nakahara Chuuya (Bungou Stray Dogs),Dazai Osamu/Nakahara Chuuya (Bungou Stray Dogs) ‎
Kim Hongjoong,Park Seonghwa,Kim Hongjoong/Park Seonghwa ‎
Aizawa Shouta | Eraserhead,Yamada Hizashi | Present Mic,Aizawa Shouta | Eraserhead/Yamada Hizashi | Present Mic ‎
Jensen Ackles,Jared Padalecki,Jensen Ackles/Jared Padalecki ‎
Clark Kent,Bruce Wayne,Clark Kent/Bruce Wayne ‎
Bang Chan (Stray Kids),Lee Felix (Stray Kids),Bang Chan/Lee Felix (Stray Kids) ‎
Hinata Shouyou,Kageyama Tobio,Hinata Shouyou/Kageyama Tobio ‎
Miya Atsumu,Sakusa Kiyoomi,Miya Atsumu/Sakusa Kiyoomi ‎
Obi-Wan Kenobi,Anakin Skywalker,Obi-Wan Kenobi/Anakin Skywalker ‎
Charles Leclerc,Max Verstappen,Charles Leclerc/Max Verstappen ‎
Kim Namjoon | RM,Park Jimin,Kim Namjoon | RM/Park Jimin ‎
Kim Namjoon | RM,Min Yoongi | Suga,Kim Namjoon | RM/Min Yoongi | Suga ‎
Kim Taehyung | V,Min Yoongi | Suga,Kim Taehyung | V/Min Yoongi | Suga ‎
Fushiguro Megumi,Sukuna | Ryoumen Sukuna,Fushiguro Megumi/Sukuna | Ryoumen Sukuna ‎
Kim Seokjin | Jin,Kim Taehyung | V,Kim Seokjin | Jin/Kim Taehyung | V ‎
Kim Seokjin | Jin,Min Yoongi | Suga,Kim Seokjin | Jin/Min Yoongi | Suga ‎
Keith,Lance (Voltron),Keith/Lance (Voltron) ‎
Akaashi Keiji,Bokuto Koutarou,Akaashi Keiji/Bokuto Koutarou ‎
Keith,Shiro (Voltron),Keith/Shiro (Voltron) ‎
"John ""Soap"" MacTavish","Simon ""Ghost"" Riley","John ""Soap"" MacTavish/Simon ""Ghost"" Riley ‎"
Robin Buckley,Nancy Wheeler,Robin Buckley/Nancy Wheeler ‎
Dabi | Todoroki Touya,Takami Keigo | Hawks,Dabi | Todoroki Touya/Takami Keigo | Hawks ‎
Byun Baekhyun,Park Chanyeol,Byun Baekhyun/Park Chanyeol ‎
Jung Hoseok | J-Hope,Park Jimin,Jung Hoseok | J-Hope/Park Jimin ‎
Geralt z Rivii | Geralt of Rivia,Jaskier | Dandelion,Geralt z Rivii | Geralt of Rivia/Jaskier | Dandelion ‎
Bang Chan (Stray Kids),Lee Minho | Lee Know,Bang Chan/Lee Minho | Lee Know ‎
Sawamura Daichi,Sugawara Koushi,Sawamura Daichi/Sugawara Koushi ‎
Bucky Barnes,Tony Stark,"James ""Bucky"" Barnes/Tony Stark ‎"
Peter Parker,Tony Stark,Peter Parker/Tony Stark ‎
Choi San (ATEEZ),Jung Wooyoung (ATEEZ),Choi San/Jung Wooyoung (ATEEZ) ‎
Kaminari Denki,Shinsou Hitoshi,Kaminari Denki/Shinsou Hitoshi ‎
Gao Tu,Shen Wenlang,Gao Tu/Shen Wenlang ‎
"Evan ""Buck"" Buckley",Eddie Diaz (9-1-1 TV),"Evan ""Buck"" Buckley/Eddie Diaz (9-1-1 TV) ‎"
Wednesday Addams,Enid Sinclair,Wednesday Addams/Enid Sinclair ‎
Original Female Character(s),Original Male Character(s),Original Female Character(s)/Original Male Character(s) ‎
Gabriel (Supernatural),Sam Winchester,Gabriel/Sam Winchester ‎
Hwang Hyunjin,Lee Felix (Stray Kids),Hwang Hyunjin/Lee Felix ‎
Alhaitham,Kaveh (Genshin Impact),Alhaitham/Kaveh (Genshin Impact) ‎
Roronoa Zoro,Sanji (One Piece),Roronoa Zoro/Sanji ‎
Gojo Satoru,Itadori Yuuji,Gojo Satoru/Itadori Yuuji ‎
Kozume Kenma,Kuroo Tetsurou,Kozume Kenma/Kuroo Tetsurou ‎
Choi Soobin,Choi Yeonjun,Choi Soobin/Choi Yeonjun ‎
Diluc,Kaeya (Genshin Impact),Diluc/Kaeya (Genshin Impact) ‎
Erik Lehnsherr,Charles Xavier,Erik Lehnsherr/Charles Xavier ‎
Choi Seungcheol | S.Coups,Yoon Jeonghan,Choi Seungcheol | S.Coups/Yoon Jeonghan ‎
Magnus Bane,Alec Lightwood,Magnus Bane/Alec Lightwood ‎
Kim Dokja,Yoo Joonghyuk,Kim Dokja/Yoo Joonghyuk ‎
Tim Drake,Jason Todd,Tim Drake/Jason Todd ‎
Sirius Black,Remus Lupin,Sirius Black/Remus Lupin ‎
Billy Hargrove,Steve Harrington,Billy Hargrove/Steve Harrington ‎
Lee Donghyuck | Haechan,Mark Lee,Lee Donghyuck | Haechan/Mark Lee ‎
Jayce (League of Legends),Viktor (League of Legends),Jayce/Viktor (League of Legends) ‎
Aziraphale (Good Omens),Crowley (Good Omens),Aziraphale/Crowley (Good Omens) ‎
Tartaglia | Childe (Genshin Impact),Zhongli (Genshin Impact),Tartaglia | Childe/Zhongli (Genshin Impact) ‎
Jeong Yunho (ATEEZ),Song Mingi (ATEEZ),Jeong Yunho/Song Mingi (ATEEZ) ‎
Jung Hoseok | J-Hope,Kim Taehyung | V,Jung Hoseok | J-Hope/Kim Taehyung | V ‎
Caitlyn (League of Legends),Vi (League of Legends),Caitlyn/Vi (League of Legends) ‎
Jeon Jungkook,Jung Hoseok | J-Hope,Jeon Jungkook/Jung Hoseok | J-Hope ‎
Peter Hale,Stiles Stilinski,Peter Hale/Stiles Stilinski ‎
Bakugou Katsuki ,Midoriya Izuku,Bakugou Katsuki & Midoriya Izuku ‎
Jiang Cheng | Jiang Wanyin,Lan Huan | Lan Xichen,Jiang Cheng | Jiang Wanyin/Lan Huan | Lan Xichen ‎
Fushiguro Megumi,Itadori Yuuji,Fushiguro Megumi/Itadori Yuuji ‎
Aegon II Targaryen,Jacaerys Velaryon,Aegon II Targaryen/Jacaerys Velaryon ‎
Kim Seokjin | Jin,Park Jimin (BTS),Kim Seokjin | Jin/Park Jimin ‎
Jung Hoseok | J-Hope,Kim Seokjin | Jin,Jung Hoseok | J-Hope/Kim Seokjin | Jin ‎
